Date,Close,Close,Close,Close
02.01.2019 16:00:00,"39,48","2510,03","23,22","121,33"
03.01.2019 16:00:00,"35,55","2447,89","25,45","122,43"
04.01.2019 16:00:00,"37,07","2531,94","21,38","121,44"
07.01.2019 16:00:00,"36,98","2549,69","21,4","121,86"
08.01.2019 16:00:00,"37,69","2574,41","20,47","121,53"
09.01.2019 16:00:00,"38,33","2584,96","19,98","122,31"
10.01.2019 16:00:00,"38,45","2596,64","19,5","121,59"
11.01.2019 16:00:00,"38,07","2596,26","18,19","121,8"
14.01.2019 16:00:00,"37,5","2582,61","19,07","122,09"
15.01.2019 16:00:00,"38,27","2610,3","18,6","121,88"
16.01.2019 16:00:00,"38,74","2616,1","19,04","122,27"
17.01.2019 16:00:00,"38,97","2635,96","18,06","122,11"
18.01.2019 16:00:00,"39,21","2670,71","17,8","121,02"
22.01.2019 16:00:00,"38,33","2632,9","20,8","121,45"
23.01.2019 16:00:00,"38,48","2638,7","19,52","121,28"
24.01.2019 16:00:00,"38,17","2642,33","18,89","121,09"
25.01.2019 16:00:00,"39,44","2664,76","17,42","122,86"
28.01.2019 16:00:00,"39,08","2643,85","18,87","123,29"
29.01.2019 16:00:00,"38,67",2640,"19,13","123,98"
30.01.2019 16:00:00,"41,31","2681,05","17,66","124,69"
31.01.2019 16:00:00,"41,61","2704,1","16,57","124,75"
01.02.2019 16:00:00,"41,63","2706,53","16,14","124,5"
04.02.2019 16:00:00,"42,81","2724,87","15,73","123,96"
05.02.2019 16:00:00,"43,55","2737,7","15,57","124,28"
06.02.2019 16:00:00,"43,56","2731,61","15,38","123,44"
07.02.2019 16:00:00,"42,74","2706,05","16,37","123,74"
08.02.2019 16:00:00,"42,6","2707,88","15,72","124,21"
11.02.2019 16:00:00,"42,36","2709,8","15,97","123,6"
12.02.2019 16:00:00,"42,72","2744,73","15,43","123,86"
13.02.2019 16:00:00,"42,55","2753,03","15,65","123,37"
14.02.2019 16:00:00,"42,7","2745,73","16,22","124,06"
15.02.2019 16:00:00,"42,61","2775,6","14,91","124,8"
19.02.2019 16:00:00,"42,73","2779,76","14,88","126,7"
20.02.2019 16:00:00,"43,01","2784,7","14,02","126,48"
21.02.2019 16:00:00,"42,77","2774,88","14,46","125,05"
22.02.2019 16:00:00,"43,24","2792,67","13,51","125,5"
25.02.2019 16:00:00,"43,56","2796,11","14,85","125,37"
26.02.2019 16:00:00,"43,58","2793,9","15,17","125,58"
27.02.2019 16:00:00,"43,72","2792,38","14,7","124,69"
28.02.2019 16:00:00,"43,29","2784,49","14,78","123,99"
01.03.2019 16:00:00,"43,74","2803,69","13,57","121,88"
04.03.2019 16:00:00,"43,96","2792,81","14,63","121,56"
05.03.2019 16:00:00,"43,88","2789,65","14,74","121,72"
06.03.2019 16:00:00,"43,63","2771,45","15,74","121,61"
07.03.2019 16:00:00,"43,13","2748,93","16,59","121,51"
08.03.2019 16:00:00,"43,23","2743,07","16,05","122,84"
11.03.2019 16:00:00,"44,73","2783,3","14,33","122,24"
12.03.2019 16:00:00,"45,23","2791,52","13,77","122,98"
13.03.2019 16:00:00,"45,43","2810,92","13,41","123,84"
14.03.2019 16:00:00,"45,93","2808,48","13,5","122,41"
15.03.2019 16:00:00,"46,53","2822,48","12,88","122,97"
18.03.2019 16:00:00,"47,01","2832,94","13,1","123,04"
19.03.2019 16:00:00,"46,63","2832,57","13,56","123,38"
20.03.2019 16:00:00,"47,04","2824,23","13,91","124,18"
21.03.2019 16:00:00,"48,77","2854,88","13,63","123,68"
22.03.2019 16:00:00,"47,76","2800,71","16,48","123,97"
25.03.2019 16:00:00,"47,19","2798,36","16,33","124,92"
26.03.2019 16:00:00,"46,7","2818,46","14,68","124,3"
27.03.2019 16:00:00,"47,12","2805,37","15,15","123,65"
28.03.2019 16:00:00,"47,18","2815,44","14,43","121,9"
29.03.2019 16:00:00,"47,49","2834,4","13,71","122,01"
01.04.2019 16:00:00,"47,81","2867,19","13,4","121,53"
02.04.2019 16:00:00,"48,51","2867,24","13,36","121,98"
03.04.2019 16:00:00,"48,84","2873,4","13,74","121,8"
04.04.2019 16:00:00,"48,92","2879,39","13,58","122,11"
05.04.2019 16:00:00,"49,25","2892,74","12,82","121,98"
08.04.2019 16:00:00,"50,03","2895,77","13,18","122,51"
09.04.2019 16:00:00,"49,88","2878,2","14,28","123,15"
10.04.2019 16:00:00,"50,16","2888,21","13,3","123,53"
11.04.2019 16:00:00,"49,74","2888,32","13,02","121,95"
12.04.2019 16:00:00,"49,72","2907,41","12,01","121,83"
15.04.2019 16:00:00,"49,81","2905,58","12,32","121,6"
16.04.2019 16:00:00,"49,81","2907,06","12,18","120,51"
17.04.2019 16:00:00,"50,78","2900,45","12,6","120,28"
18.04.2019 16:00:00,"50,97","2905,03","12,09","120,37"
22.04.2019 16:00:00,"51,13","2907,97","12,42","120,37"
23.04.2019 16:00:00,"51,87","2933,68","12,28","120,12"
24.04.2019 16:00:00,"51,79","2927,25","13,14","120,47"
25.04.2019 16:00:00,"51,32","2926,17","13,25","120,57"
26.04.2019 16:00:00,"51,08","2939,88","12,73","121,37"
29.04.2019 16:00:00,"51,15","2943,03","13,11","120,83"
30.04.2019 16:00:00,"50,17","2945,83","13,12","121,2"
01.05.2019 16:00:00,"52,63","2923,73","14,8","120,4"
02.05.2019 16:00:00,"52,29","2917,52","14,42","119,94"
03.05.2019 16:00:00,"52,94","2945,64","12,87","120,65"
06.05.2019 16:00:00,"52,12","2932,47","15,44","120,81"
07.05.2019 16:00:00,"50,72","2884,05","19,32","121,21"
08.05.2019 16:00:00,"50,73","2879,42","19,4","120,91"
09.05.2019 16:00:00,"50,18","2870,72","19,1","121,2"
10.05.2019 16:00:00,"49,3","2881,4","16,04","121,43"
13.05.2019 16:00:00,"46,43","2811,87","20,55","122,67"
14.05.2019 16:00:00,"47,17","2834,41","18,06","122,46"
15.05.2019 16:00:00,"47,73","2850,96","16,44","122,39"
16.05.2019 16:00:00,"47,52","2876,32","15,29","121,51"
17.05.2019 16:00:00,"47,25","2859,53","15,96","120,65"
20.05.2019 16:00:00,"45,77","2840,23","16,31","120,64"
21.05.2019 16:00:00,"46,65","2864,36","14,95","120,36"
22.05.2019 16:00:00,"45,7","2856,27","14,75","120,24"
23.05.2019 16:00:00,"44,92","2822,24","16,92","121,17"
24.05.2019 16:00:00,"44,74","2826,06","15,85","121,3"
28.05.2019 16:00:00,"44,56","2802,39","17,5","120,83"
29.05.2019 16:00:00,"44,35","2783,02","17,9","120,87"
30.05.2019 16:00:00,"44,58","2788,86","17,3","121,69"
31.05.2019 16:00:00,"43,77","2752,06","18,71","123,33"
03.06.2019 16:00:00,"43,33","2744,45","18,86","125,11"
04.06.2019 16:00:00,"44,91","2803,27","16,97","125,15"
05.06.2019 16:00:00,"45,64","2826,15","16,09","125,47"
06.06.2019 16:00:00,"46,31","2843,49","15,93","125,88"
07.06.2019 16:00:00,"47,54","2873,34","16,3","126,59"
10.06.2019 16:00:00,"48,15","2886,73","15,94","125,33"
11.06.2019 16:00:00,"48,7","2885,72","15,99","125,18"
12.06.2019 16:00:00,"48,55","2879,84","15,91","125,83"
13.06.2019 16:00:00,"48,54","2891,64","15,82","126,6"
14.06.2019 16:00:00,"48,19","2886,98","15,28","126,56"
17.06.2019 16:00:00,"48,47","2889,67","15,35","126,48"
18.06.2019 16:00:00,"49,61","2917,75","15,15","127,12"
19.06.2019 16:00:00,"49,47","2926,46","14,33","127,89"
20.06.2019 16:00:00,"49,87","2954,18","14,75","131,11"
21.06.2019 16:00:00,"49,7","2950,46","15,4","131,98"
24.06.2019 16:00:00,"49,65","2945,35","15,26","133,94"
25.06.2019 16:00:00,"48,89","2917,38","16,28","134,2"
26.06.2019 16:00:00,"49,95","2913,78","16,21","132,97"
27.06.2019 16:00:00,"49,94","2924,92","15,82","132,84"
28.06.2019 16:00:00,"49,48","2941,76","15,08","133,2"
01.07.2019 16:00:00,"50,39","2964,33","14,06","130,62"
02.07.2019 16:00:00,"50,68","2973,01","12,93","133,41"
03.07.2019 13:00:00,"51,1","2995,82","12,57","133,63"
05.07.2019 16:00:00,"51,06","2990,41","13,28","132,14"
08.07.2019 16:00:00,"50,01","2975,95","13,96","131,29"
09.07.2019 16:00:00,"50,31","2979,63","14,09","131,75"
10.07.2019 16:00:00,"50,81","2993,07","13,03","133,83"
11.07.2019 16:00:00,"50,44","2999,91","12,93","132,7"
12.07.2019 16:00:00,"50,83","3013,77","12,39","133,53"
15.07.2019 16:00:00,"51,3","3014,3","12,68","133,53"
16.07.2019 16:00:00,"51,13","3004,04","12,86","132,4"
17.07.2019 16:00:00,"50,84","2984,42","13,97","134,58"
18.07.2019 16:00:00,"51,42","2995,11","13,53","136,48"
19.07.2019 16:00:00,"50,65","2976,61","14,45","134,47"
22.07.2019 16:00:00,"51,81","2985,03","13,53","134,45"
23.07.2019 16:00:00,"52,21","3005,47","12,61","133,69"
24.07.2019 16:00:00,"52,17","3019,56","12,07","134,37"
25.07.2019 16:00:00,"51,76","3003,67","12,74","133,42"
26.07.2019 16:00:00,"51,94","3025,86","12,16","133,64"
29.07.2019 16:00:00,"52,42","3020,97","12,83","134,53"
30.07.2019 16:00:00,"52,2","3013,18","13,94","134,98"
31.07.2019 16:00:00,"53,26","2980,38","16,12","133,21"
01.08.2019 16:00:00,"52,11","2953,56","17,87","136,41"
02.08.2019 16:00:00,"51,01","2932,05","17,61","135,89"
05.08.2019 16:00:00,"48,34","2844,74","24,59","137,79"
06.08.2019 16:00:00,"49,25","2881,77","20,17","138,91"
07.08.2019 16:00:00,"49,76","2883,98","19,49","141,02"
08.08.2019 16:00:00,"50,86","2938,09","16,91","141,73"
09.08.2019 16:00:00,"50,25","2918,65","17,97","141,26"
12.08.2019 16:00:00,"50,12","2883,09","21,09","142,63"
13.08.2019 16:00:00,"52,24","2926,32","17,52","141,78"
14.08.2019 16:00:00,"50,69","2840,6","22,1","142,75"
15.08.2019 16:00:00,"50,44","2847,6","21,18","143,7"
16.08.2019 16:00:00,"51,63","2888,68","18,47","142,78"
19.08.2019 16:00:00,"52,59","2923,65","16,88","141,11"
20.08.2019 16:00:00,"52,59","2900,51","17,5","142,21"
21.08.2019 16:00:00,"53,16","2924,43","15,8","141,76"
22.08.2019 16:00:00,"53,12","2922,95","16,68","141,4"
23.08.2019 16:00:00,"50,66","2847,11","19,87","144,17"
26.08.2019 16:00:00,"51,62","2878,38","19,32","144,19"
27.08.2019 16:00:00,"51,04","2869,16","20,31","145,57"
28.08.2019 16:00:00,"51,38","2887,94","19,35","145,16"
29.08.2019 16:00:00,"52,25","2924,58","17,88","144,12"
30.08.2019 16:00:00,"52,19","2926,46","18,98","143,75"
03.09.2019 16:00:00,"51,43","2906,27","19,66","145,75"
04.09.2019 16:00:00,"52,3","2937,78","17,33","146,66"
05.09.2019 16:00:00,"53,32",2976,"16,27","143,14"
06.09.2019 16:00:00,"53,32","2978,71",15,"141,92"
09.09.2019 16:00:00,"53,54","2978,43","15,27","141,39"
10.09.2019 16:00:00,"54,18","2979,39","15,2","140,18"
11.09.2019 16:00:00,"55,9","3000,93","14,61","141,03"
12.09.2019 16:00:00,"55,77","3009,57","14,22","141,32"
13.09.2019 16:00:00,"54,69","3007,39","13,74","140,15"
16.09.2019 16:00:00,"54,98","2997,96","14,67","141,32"
17.09.2019 16:00:00,"55,18","3005,7","14,44","141,6"
18.09.2019 16:00:00,"55,69","3006,73","13,95","140,71"
19.09.2019 16:00:00,"55,24","3006,79","14,05","141,28"
20.09.2019 16:00:00,"54,43","2992,07","15,32","142,95"
23.09.2019 16:00:00,"54,68","2991,78","14,91","143,75"
24.09.2019 16:00:00,"54,42","2966,6","17,05","144,51"
25.09.2019 16:00:00,"55,26","2984,87","15,96","141,83"
26.09.2019 16:00:00,"54,97","2977,62","16,07","141,79"
27.09.2019 16:00:00,"54,71","2961,79","17,22","141,06"
30.09.2019 16:00:00,"55,99","2976,74","16,24","138,87"
01.10.2019 16:00:00,"56,15","2940,25","18,56","139,63"
02.10.2019 16:00:00,"54,74","2887,61","20,56","141,26"
03.10.2019 16:00:00,"55,21","2910,63","19,12","141,9"
04.10.2019 16:00:00,"56,75","2952,01","17,04","141,9"
07.10.2019 16:00:00,"56,77","2938,79","17,86","140,69"
08.10.2019 16:00:00,"56,1","2893,06","20,28","141,92"
09.10.2019 16:00:00,"56,76","2919,4","18,64","142,05"
10.10.2019 16:00:00,"57,52","2938,13","17,57","140,81"
11.10.2019 16:00:00,"59,05","2970,27","15,58","140,03"
14.10.2019 16:00:00,"58,97","2966,15","14,57","140,59"
15.10.2019 16:00:00,"58,83","2995,68","13,54","139,61"
16.10.2019 16:00:00,"58,59","2989,69","13,68","140,41"
17.10.2019 16:00:00,"58,82","2997,95","13,79","140,61"
18.10.2019 16:00:00,"59,1","2986,2","14,25","140,46"
21.10.2019 16:00:00,"60,13","3006,72",14,"139,79"
22.10.2019 16:00:00,"59,99","2995,99","14,46","140,2"
23.10.2019 16:00:00,"60,8","3004,52","14,01","140,53"
24.10.2019 16:00:00,"60,9","3010,29","13,71","141,53"
25.10.2019 16:00:00,"61,65","3022,55","12,65","141,86"
28.10.2019 16:00:00,"62,26","3039,42","13,11","140,64"
29.10.2019 16:00:00,"60,82","3036,89","13,2","140,25"
30.10.2019 16:00:00,"60,82","3046,77","12,33","141,02"
31.10.2019 16:00:00,"62,19","3066,91","12,3","142,43"
01.11.2019 16:00:00,"63,96","3078,27","12,83","142,56"
04.11.2019 16:00:00,"64,38","3074,62","13,1","142,15"
05.11.2019 16:00:00,"64,28","3076,78","12,62","139,85"
06.11.2019 16:00:00,"64,31","3085,18","12,73","140,45"
07.11.2019 16:00:00,"64,86","3093,08","12,07","138,27"
08.11.2019 16:00:00,"65,04","3087,01","12,69","137,39"
11.11.2019 16:00:00,"65,55","3091,84","12,68","137,06"
12.11.2019 16:00:00,"65,49","3094,04",13,"137,43"
13.11.2019 16:00:00,"66,12","3096,63","13,05","137,98"
14.11.2019 16:00:00,"65,66","3120,46","12,05","138,56"
15.11.2019 16:00:00,"66,44","3122,03","12,46","138,21"
18.11.2019 16:00:00,"66,78","3120,18","12,86","138,62"
19.11.2019 16:00:00,"66,57","3108,46","12,78","138,69"
20.11.2019 16:00:00,"65,8","3103,54","13,13","138,76"
21.11.2019 16:00:00,"65,5","3110,29","12,34",138
22.11.2019 16:00:00,"65,44","3133,64","11,87","137,74"
25.11.2019 16:00:00,"66,59","3140,52","11,54","137,08"
26.11.2019 16:00:00,"66,07","3140,98","12,62","137,74"
27.11.2019 16:00:00,"66,96","3113,87","14,91","137,01"
29.11.2019 13:00:00,"66,81","3093,2","15,96","137,86"
02.12.2019 16:00:00,"66,04","3112,76","14,8","137,79"
03.12.2019 16:00:00,"64,86","3117,43","14,52","139,11"
04.12.2019 16:00:00,"65,44","3145,91","13,62","138,92"
05.12.2019 16:00:00,"66,4","3135,96","15,86",139
06.12.2019 16:00:00,"67,68","3132,52","15,68","137,62"
09.12.2019 16:00:00,"66,73","3141,63","14,99","137,58"
10.12.2019 16:00:00,"67,12","3168,57","13,94","137,97"
11.12.2019 16:00:00,"67,69","3168,8","12,63","138,92"
12.12.2019 16:00:00,"67,86","3191,45","12,14","138,43"
13.12.2019 16:00:00,"68,79","3192,52","12,29","139,05"
16.12.2019 16:00:00,"69,97","3191,14","12,58","139,04"
17.12.2019 16:00:00,"70,1","3205,37","12,5","139,01"
18.12.2019 16:00:00,"69,94","3221,22","12,51","139,02"
19.12.2019 16:00:00,"70,01","3224,01","12,61","139,38"
20.12.2019 16:00:00,"69,86","3239,91","12,65","139,52"
23.12.2019 16:00:00,71,"3240,02","13,43","139,95"
24.12.2019 13:00:00,"71,07","3221,29","14,82","141,27"
26.12.2019 16:00:00,"72,48","3257,85","12,47","142,38"
27.12.2019 16:00:00,"72,45","3234,85","14,02","142,33"
30.12.2019 16:00:00,"72,88","3246,28","13,85","142,63"
31.12.2019 16:00:00,"73,41","3237,18","13,79","142,9"
02.01.2020 16:00:00,"75,09","3253,05","13,45","143,95"
03.01.2020 16:00:00,"74,36","3274,7","12,54","145,86"
06.01.2020 16:00:00,"74,95","3265,35","12,56","147,39"
07.01.2020 16:00:00,"74,6","3288,13","12,32","147,97"
08.01.2020 16:00:00,"75,8","3283,15","12,39","146,86"
09.01.2020 16:00:00,"77,41","3289,29","12,42","146,03"
10.01.2020 16:00:00,"77,58","3316,81","12,32","146,91"
13.01.2020 16:00:00,"79,24","3329,62","12,1","145,82"
14.01.2020 16:00:00,"78,17","3320,79","12,85","145,69"
15.01.2020 16:00:00,"77,83","3321,75","12,91","146,54"
16.01.2020 16:00:00,"78,81","3325,54","12,98","146,31"
17.01.2020 16:00:00,"79,68","3295,47","14,56","146,58"
21.01.2020 16:00:00,"79,14","3243,63","18,23","146,74"
22.01.2020 16:00:00,"79,43","3276,24","16,28","146,79"
23.01.2020 16:00:00,"79,81","3273,4","16,39","147,12"
24.01.2020 16:00:00,"79,58","3283,66","15,49","147,98"
27.01.2020 16:00:00,"77,24","3225,52","18,84","148,99"
28.01.2020 16:00:00,"79,42","3248,92","17,97","147,66"
29.01.2020 16:00:00,"81,08","3297,59","16,05","148,46"
30.01.2020 16:00:00,"80,97","3334,69","15,15","148,47"
31.01.2020 16:00:00,"77,38","3345,78","14,96","149,33"
03.02.2020 16:00:00,"77,17","3327,71","15,47","148,36"
04.02.2020 16:00:00,"79,71","3352,09","15,04","146,43"
05.02.2020 16:00:00,"80,36","3357,75","15,18","146,61"
06.02.2020 16:00:00,"81,3","3379,45","13,74","147,4"
07.02.2020 16:00:00,"80,01","3373,94","14,15","147,79"
10.02.2020 16:00:00,"80,39","3380,16","13,68","148,17"
11.02.2020 16:00:00,"79,9","3370,29","14,83","147,66"
12.02.2020 16:00:00,"81,8","3386,15","14,38","147,54"
13.02.2020 16:00:00,"81,22","3373,23","15,56","148,38"
14.02.2020 16:00:00,"81,24","3337,75","17,08",149
18.02.2020 16:00:00,"79,75","3225,89","25,03","150,91"
19.02.2020 16:00:00,"80,91","3128,21","27,85","151,79"
20.02.2020 16:00:00,"80,08","3116,39","27,56","152,41"
21.02.2020 16:00:00,"78,26","2978,76","39,16","154,7"
24.02.2020 16:00:00,"74,55","2954,22","40,11","156,09"
25.02.2020 16:00:00,"72,02","3090,23","33,42","153,3"
26.02.2020 16:00:00,"73,16","3003,37","36,82","153,97"
27.02.2020 16:00:00,"68,38","3130,12","31,99",154
28.02.2020 16:00:00,"68,34","3023,94","39,62","148,38"
02.03.2020 16:00:00,"74,7","2972,37","41,94","149,2"
03.03.2020 16:00:00,"72,33","2746,56","54,46","153,89"
04.03.2020 16:00:00,"75,69","2882,23","47,3","154,16"
05.03.2020 16:00:00,"73,23","2741,38","53,9","157,49"
06.03.2020 16:00:00,"72,26","2480,64","75,47","157,55"
09.03.2020 16:00:00,"66,54","2711,02","57,83","157,81"
10.03.2020 16:00:00,"71,33","2386,13","82,69","154,48"
11.03.2020 16:00:00,"68,86","2529,19","75,91","153,93"
12.03.2020 16:00:00,"62,06","2398,1","76,45","147,79"
13.03.2020 16:00:00,"69,49","2409,39",72,"143,28"
16.03.2020 16:00:00,"60,55","2304,92","66,04","141,64"
17.03.2020 16:00:00,"63,22","2237,4","61,59","143,56"
18.03.2020 16:00:00,"61,67","2447,33","61,67","140,7"
19.03.2020 16:00:00,"61,2","2475,56","63,95","138,04"
20.03.2020 16:00:00,"57,31","2630,07",61,"140,11"
23.03.2020 16:00:00,"56,09","2541,47","65,54","146,3"
24.03.2020 16:00:00,"61,72","2626,65","57,08","153,4"
25.03.2020 16:00:00,"61,38","2584,59","53,54","151,3"
26.03.2020 16:00:00,"64,61","2470,5","57,06","153,24"
27.03.2020 16:00:00,"61,94","2526,9","50,91","152,25"
30.03.2020 16:00:00,"63,7","2488,65","46,8","152,92"
31.03.2020 16:00:00,"63,57","2663,68","45,24","148,05"
01.04.2020 16:00:00,"60,23","2659,41","46,7","149,45"
02.04.2020 16:00:00,"61,23","2749,98","43,35","151,9"
03.04.2020 16:00:00,"60,35","2789,82","41,67","152,65"
06.04.2020 16:00:00,"65,62","2761,63","41,17","156,88"
07.04.2020 16:00:00,"64,86","2846,06","37,76","156,04"
08.04.2020 16:00:00,"66,52","2783,36","40,84","154,65"
09.04.2020 16:00:00,67,"2799,55","40,11","158,69"
13.04.2020 16:00:00,"68,31","2874,56","38,15","161,41"
14.04.2020 16:00:00,"71,76","2823,16","43,83","162,68"
15.04.2020 16:00:00,"71,11","2736,56","45,41","161,85"
16.04.2020 16:00:00,"71,67","2799,31","41,98","161,71"
17.04.2020 16:00:00,"70,7","2797,8","41,38","158,57"
20.04.2020 16:00:00,"69,23","2836,74","35,93","159,7"
21.04.2020 16:00:00,"67,09","2878,48","33,29","158,61"
22.04.2020 16:00:00,"69,03","2863,39","33,57","161,73"
23.04.2020 16:00:00,"68,76","2939,51","31,23","163,34"
24.04.2020 16:00:00,"70,74","2912,43","34,15","162,64"
27.04.2020 16:00:00,"70,79","2830,71","37,19","161,56"
28.04.2020 16:00:00,"69,65","2842,74","35,97","160,84"
29.04.2020 16:00:00,"71,93","2868,44","33,61","161,73"
30.04.2020 16:00:00,"73,45","2848,42","34,12","158,8"
01.05.2020 16:00:00,"72,27","2881,19","31,44","159,78"
04.05.2020 16:00:00,"73,29","2929,8","27,98","160,34"
05.05.2020 16:00:00,"74,39","2930,32","27,57","161,02"
06.05.2020 16:00:00,"75,16","2870,12","33,04","158,95"
07.05.2020 16:00:00,"75,94",2820,"35,28","161,39"
08.05.2020 16:00:00,"77,53","2852,5","32,61","160,42"
11.05.2020 16:00:00,"78,75","2863,7","31,89","159,42"
12.05.2020 16:00:00,"77,85","2953,91","29,3","160,04"
13.05.2020 16:00:00,"76,91","2922,94","30,53","161,58"
14.05.2020 16:00:00,"77,39","2971,61","27,99","163,01"
15.05.2020 16:00:00,"76,93","2948,51","29,53","163,93"
18.05.2020 16:00:00,"78,74","2955,45","28,16","162,69"
19.05.2020 16:00:00,"78,29","2991,77","28,01","164,26"
20.05.2020 16:00:00,"79,81","3036,13","27,62","164,65"
21.05.2020 16:00:00,"79,21","3029,73","28,59","162,25"
22.05.2020 16:00:00,"79,72","3044,31","27,51","163,21"
26.05.2020 16:00:00,"79,18","3055,73","28,23","160,89"
27.05.2020 16:00:00,"79,53","3080,82","26,84","161,18"
28.05.2020 16:00:00,"79,56","3122,87","25,66","161,72"
29.05.2020 16:00:00,"79,49","3112,35","25,81","162,91"
01.06.2020 16:00:00,"80,46","3193,93","24,52","163,66"
02.06.2020 16:00:00,"80,83","3232,39","25,81","162,6"
03.06.2020 16:00:00,"81,28","3207,18","27,57","159,6"
04.06.2020 16:00:00,"80,58","3190,14","27,57","161,28"
05.06.2020 16:00:00,"82,88","3002,1","40,79","158,01"
08.06.2020 16:00:00,"83,37","3041,31","36,09","159,72"
09.06.2020 16:00:00,86,"3066,59","34,4","161,26"
10.06.2020 16:00:00,"88,21","3124,74","33,67","163,57"
11.06.2020 16:00:00,"83,98","3113,49","33,47","162,39"
12.06.2020 16:00:00,"84,7","3115,34","32,94","162,62"
15.06.2020 16:00:00,"85,75","3097,74","35,12","162,33"
16.06.2020 16:00:00,"88,02","3117,86","31,77","162,25"
17.06.2020 16:00:00,"87,9","3131,29","31,37","162,56"
18.06.2020 16:00:00,"87,93","3050,33","33,84","162,24"
19.06.2020 16:00:00,"87,43","3083,76","32,22","164,03"
22.06.2020 16:00:00,"89,72","3009,05","34,73","165,09"
23.06.2020 16:00:00,"91,63","3053,24","31,78","166,48"
24.06.2020 16:00:00,"90,02","3100,29","30,43","165,9"
25.06.2020 16:00:00,"91,21","3115,86","28,62","165,8"
26.06.2020 16:00:00,"88,41","3130,01","27,68","166,54"
29.06.2020 16:00:00,"90,45","3179,72","27,94","166,63"
30.06.2020 16:00:00,"91,2","3145,32","29,43","167,37"
01.07.2020 16:00:00,"91,03","3169,94","28,08","166,62"
02.07.2020 16:00:00,"91,03","3152,05","29,26","166,98"
06.07.2020 16:00:00,"93,46","3185,04","27,29","167,98"
07.07.2020 16:00:00,"93,17","3155,22","32,19","169,04"
08.07.2020 16:00:00,"95,34","3197,52","29,52","170,09"
09.07.2020 16:00:00,"95,68","3226,56","27,76","169,63"
10.07.2020 16:00:00,"95,92","3215,57",28,"169,19"
13.07.2020 16:00:00,"95,48","3224,73","25,68","169,4"
14.07.2020 16:00:00,"97,06","3251,84","24,46","170,19"
15.07.2020 16:00:00,"97,73","3257,3","24,84","170,34"
16.07.2020 16:00:00,"96,52","3276,02","24,32","168,73"
17.07.2020 16:00:00,"96,33","3235,66","26,08","170,12"
20.07.2020 16:00:00,"98,36","3215,63","25,84","170,94"
21.07.2020 16:00:00,97,"3239,41","24,74",173
22.07.2020 16:00:00,"97,27","3218,44","25,44","175,63"
23.07.2020 16:00:00,"92,85","3258,44","24,1","177,18"
24.07.2020 16:00:00,"92,62","3246,22","24,76","178,7"
27.07.2020 16:00:00,"94,81","3271,12","24,46","182,23"
28.07.2020 16:00:00,"93,25","3294,61","24,28","183,75"
29.07.2020 16:00:00,"95,04","3306,51","23,76","185,13"
30.07.2020 16:00:00,"96,19","3327,77","22,99","183,76"
31.07.2020 16:00:00,"106,26","3349,16","22,65","185,43"
03.08.2020 16:00:00,"108,94","3351,28","22,21","185,64"
04.08.2020 16:00:00,"109,67","3360,47","22,13","189,59"
05.08.2020 16:00:00,"110,06","3333,69","24,03","191,35"
06.08.2020 16:00:00,"113,9","3380,35","22,28","193,89"
07.08.2020 16:00:00,"111,11","3373,43","22,13","190,81"
10.08.2020 16:00:00,"112,73","3372,85","22,05","190,15"
11.08.2020 16:00:00,"109,38","3381,99","21,35","179,94"
12.08.2020 16:00:00,"113,01","3389,78","21,51","179,1"
13.08.2020 16:00:00,"115,01","3374,85","22,54","183,33"
14.08.2020 16:00:00,"114,91","3385,51","22,72","182,54"
17.08.2020 16:00:00,"114,61","3397,16","22,54","186,5"
18.08.2020 16:00:00,"115,56","3431,28","22,37","188,18"
19.08.2020 16:00:00,"115,71","3443,62","22,03","182,24"
20.08.2020 16:00:00,"118,28","3478,73","23,27","183,5"
21.08.2020 16:00:00,"124,37","3484,55","24,47","182,03"
24.08.2020 16:00:00,"125,86","3508,01","22,96",181
25.08.2020 16:00:00,"124,83","3500,31","26,41","181,22"
26.08.2020 16:00:00,"126,52","3526,65","26,12","183,36"
27.08.2020 16:00:00,"125,01","3580,84","26,57","181,24"
28.08.2020 16:00:00,"124,81","3455,06","33,6","184,39"
31.08.2020 16:00:00,"129,04","3426,96","30,75","184,83"
01.09.2020 16:00:00,"134,18","3331,84","31,46","185,05"
02.09.2020 16:00:00,"131,4","3398,96","28,81","182,62"
03.09.2020 16:00:00,"120,88","3339,19","29,71","181,14"
04.09.2020 16:00:00,"120,96","3340,97","26,87","181,64"
08.09.2020 16:00:00,"112,82","3383,54","25,85","181,29"
09.09.2020 16:00:00,"117,32","3401,2","25,59","183,05"
10.09.2020 16:00:00,"113,49","3385,49","26,04","182,46"
11.09.2020 16:00:00,112,"3357,01","26,46","182,45"
14.09.2020 16:00:00,"115,36","3319,47","25,83","183,89"
15.09.2020 16:00:00,"115,54","3281,06","27,78","183,45"
16.09.2020 16:00:00,"112,13","3315,57","26,86","183,97"
17.09.2020 16:00:00,"110,34","3236,92","28,58","182,96"
18.09.2020 16:00:00,"106,84","3246,59","28,51","183,2"
21.09.2020 16:00:00,"110,08","3298,46","26,38","179,52"
22.09.2020 16:00:00,"111,81","3351,6","26,19","178,65"
23.09.2020 16:00:00,"107,12","3335,47","26,27","174,79"
24.09.2020 16:00:00,"108,22",3363,"26,37","175,44"
25.09.2020 16:00:00,"112,28","3380,8","26,7","174,94"
28.09.2020 16:00:00,"114,96","3348,44","27,63","176,7"
29.09.2020 16:00:00,"114,09","3408,63","27,96","178,19"
30.09.2020 16:00:00,"115,81","3360,95","29,48","177,12"
01.10.2020 16:00:00,"116,79","3419,45","28,06","178,7"
02.10.2020 16:00:00,"113,02","3446,83","26,36","178,54"
05.10.2020 16:00:00,"116,5","3477,13",25,"179,41"
06.10.2020 16:00:00,"113,16","3534,22","25,07","177,3"
07.10.2020 16:00:00,"115,08","3511,93","26,07","177,22"
08.10.2020 16:00:00,"114,97","3488,67","26,4","177,85"
09.10.2020 16:00:00,"116,97","3483,34","26,97","181,08"
12.10.2020 16:00:00,"124,4","3483,81","27,41","180,56"
13.10.2020 16:00:00,"121,1","3426,92","29,18","177,72"
14.10.2020 16:00:00,"121,19","3443,12","29,35","178,27"
15.10.2020 16:00:00,"120,71","3435,56","28,65","178,92"
16.10.2020 16:00:00,"119,02","3453,49","28,11","178,3"
19.10.2020 16:00:00,"115,98","3465,39","27,55","178,39"
20.10.2020 16:00:00,"117,51","3400,97","32,46","179,25"
21.10.2020 16:00:00,"116,87","3390,68","33,35","180,6"
22.10.2020 16:00:00,"115,75","3271,03","40,28","178,83"
23.10.2020 16:00:00,"115,04","3310,11","37,59","178,64"
26.10.2020 16:00:00,"115,05","3269,96","38,02","178,55"
27.10.2020 16:00:00,"116,6","3310,24","37,13","179,02"
28.10.2020 16:00:00,"111,2","3369,02","35,55","176,13"
29.10.2020 16:00:00,"115,32","3443,44","29,57","175,4"
30.10.2020 16:00:00,"108,86","3510,45","27,58","176,2"
02.11.2020 16:00:00,"108,77","3509,44","24,86","177,91"
03.11.2020 16:00:00,"110,44","3550,5","25,75","178,92"
04.11.2020 16:00:00,"114,95","3545,53","24,8","178,82"
05.11.2020 16:00:00,"119,03","3572,66","23,45","182,93"
06.11.2020 16:00:00,"118,69","3537,01","25,35","183,19"
09.11.2020 16:00:00,"116,32","3585,15","23,1","175,08"
10.11.2020 16:00:00,"115,97","3626,91","22,45","175,66"
11.11.2020 16:00:00,"119,49","3609,53","22,71","174,9"
12.11.2020 16:00:00,"119,21","3567,79","23,84","175,96"
13.11.2020 16:00:00,"119,26","3581,87","23,11","177,16"
16.11.2020 16:00:00,"120,3","3557,54","23,7","177,15"
17.11.2020 16:00:00,"119,39","3577,59","22,66","176,5"
18.11.2020 16:00:00,"118,03","3635,41","21,64","175,49"
19.11.2020 16:00:00,"118,64","3629,65","21,25","175,16"
20.11.2020 16:00:00,"117,34","3638,35","20,84","175,69"
23.11.2020 16:00:00,"113,85","3621,63","20,57","172,23"
24.11.2020 16:00:00,"115,17","3662,45","20,77","169,59"
25.11.2020 16:00:00,"116,03","3669,01","21,17","169,51"
27.11.2020 13:00:00,"116,59","3666,72","21,28","167,79"
30.11.2020 16:00:00,"119,05","3699,12","20,79","166,67"
01.12.2020 16:00:00,"122,72","3691,96","21,3","170,18"
02.12.2020 16:00:00,"123,08","3702,25","20,68","171,46"
03.12.2020 16:00:00,"122,94","3672,82","22,27","172,81"
04.12.2020 16:00:00,"122,25","3668,1","22,52","172,32"
07.12.2020 16:00:00,"123,75","3663,46","23,31","174,89"
08.12.2020 16:00:00,"124,38","3647,49","24,72","175,5"
09.12.2020 16:00:00,"121,78","3694,62","22,89","172,5"
10.12.2020 16:00:00,"123,24","3701,17","22,5","172,17"
11.12.2020 16:00:00,"122,41","3722,48","21,93","172,49"
14.12.2020 16:00:00,"121,78","3709,41","21,57","171,54"
15.12.2020 16:00:00,"127,88","3694,92","25,16","173,94"
16.12.2020 16:00:00,"127,81","3687,26","24,23","174,9"
17.12.2020 16:00:00,"128,7","3690,01","23,31","176,74"
18.12.2020 16:00:00,"126,66","3735,36","21,7","176,44"
21.12.2020 16:00:00,"128,23","3727,04","23,08","175,88"
22.12.2020 16:00:00,"131,88","3732,04","22,77","174,49"
23.12.2020 16:00:00,"130,96","3756,07","22,75","175,65"
24.12.2020 13:00:00,"131,97","3700,65","26,97","176,35"
28.12.2020 16:00:00,"136,69","3726,86","25,34","175,71"
29.12.2020 16:00:00,"134,87","3748,14","25,07","176,35"
30.12.2020 16:00:00,"133,72","3803,79","22,37","177,7"
31.12.2020 16:00:00,"132,69","3824,68","21,56","178,36"
04.01.2021 16:00:00,"129,41","3799,61","24,08","182,33"
05.01.2021 16:00:00,"131,01","3801,19","23,33","182,87"
06.01.2021 16:00:00,"126,6","3809,84","22,21","179,9"
07.01.2021 16:00:00,"130,92","3795,54","23,25","179,48"
08.01.2021 16:00:00,"132,05","3768,25","24,34","173,34"
11.01.2021 16:00:00,"128,98","3798,91","23,24",173
12.01.2021 16:00:00,"128,8","3851,85","21,58","174,12"
13.01.2021 16:00:00,"130,89","3853,07","21,32","173,37"
14.01.2021 16:00:00,"128,91","3841,47","21,91","173,28"
15.01.2021 16:00:00,"127,14","3855,36","23,19","171,13"
19.01.2021 16:00:00,"127,83","3849,62","23,02","172,58"
20.01.2021 16:00:00,"132,03","3750,77","37,21","175,39"
21.01.2021 16:00:00,"136,87","3787,38","30,21","175,28"
22.01.2021 16:00:00,"139,07","3714,24","33,09","173,9"
25.01.2021 16:00:00,"142,92","3773,86","30,24","174,05"
26.01.2021 16:00:00,"143,16","3826,31","25,56","173,62"
27.01.2021 16:00:00,"142,06","3830,17","22,91","172,52"
28.01.2021 16:00:00,"137,09","3871,74","21,77","172,68"
29.01.2021 16:00:00,"131,96","3886,83","20,87","172,61"
01.02.2021 16:00:00,"134,14","3915,59","21,24","174,23"
02.02.2021 16:00:00,"134,99","3911,23","21,63","172,11"
03.02.2021 16:00:00,"133,94","3909,88","21,99","171,85"
04.02.2021 16:00:00,"137,39","3916,38","21,25","168,15"
05.02.2021 16:00:00,"136,76","3934,83","19,97","169,81"
08.02.2021 16:00:00,"136,91","3932,59","21,46","171,52"
09.02.2021 16:00:00,"136,01","3931,33","21,5","172,08"
10.02.2021 16:00:00,"135,39","3913,97","22,49","172,71"
11.02.2021 16:00:00,"135,13","3906,71","22,05","171,21"
12.02.2021 16:00:00,"135,37","3876,5","23,45","170,69"
16.02.2021 16:00:00,"133,19","3881,37","23,11","168,24"
17.02.2021 16:00:00,"130,84","3925,43","21,34","166,33"
18.02.2021 16:00:00,"129,71","3829,34","28,89","166,32"
19.02.2021 16:00:00,"129,87","3811,15","27,95","167,01"
22.02.2021 16:00:00,126,"3901,82","23,35","169,51"
23.02.2021 16:00:00,"125,86","3870,29","24,1","169,12"
24.02.2021 16:00:00,"125,35","3819,72","26,67",169
25.02.2021 16:00:00,"120,99","3768,47","28,57","165,82"
26.02.2021 16:00:00,"121,26","3841,94","24,66","161,81"
01.03.2021 16:00:00,"127,79","3821,35","25,47","161,53"
02.03.2021 16:00:00,"125,12","3875,44","24,03","162,41"
03.03.2021 16:00:00,"122,06","3898,81","22,56","160,62"
04.03.2021 16:00:00,"120,13","3939,34","21,91","159,04"
05.03.2021 16:00:00,"121,42","3943,34","20,69","159,14"
08.03.2021 16:00:00,"116,36","3968,94","20,03","157,49"
09.03.2021 16:00:00,"121,09","3962,71","19,79","160,84"
10.03.2021 16:00:00,"119,98","3974,12","19,23","161,66"
11.03.2021 16:00:00,"121,96","3915,46","21,58","161,52"
12.03.2021 16:00:00,"121,03","3913,1","20,95","161,49"
15.03.2021 16:00:00,"123,99","3940,59","18,88","162,2"
16.03.2021 16:00:00,"125,57","3910,52","20,3","162,35"
17.03.2021 16:00:00,"124,76","3889,14","21,2","163,51"
18.03.2021 16:00:00,"120,53","3909,52","19,81","162,56"
19.03.2021 16:00:00,"119,99","3974,54","18,86","163,24"
22.03.2021 16:00:00,"123,39","3971,09","20,74",163
23.03.2021 16:00:00,"122,54","3958,55","19,61","161,81"
24.03.2021 16:00:00,"120,09","3972,89","19,4","162,37"
25.03.2021 16:00:00,"120,59","4019,87","17,33","161,78"
26.03.2021 16:00:00,"121,21","4077,91","17,91","162,24"
29.03.2021 16:00:00,"121,39","4073,94","18,12","160,31"
30.03.2021 16:00:00,"119,9","4079,95","17,16","157,57"
31.03.2021 16:00:00,"122,15","4097,17","16,95","159,96"
01.04.2021 16:00:00,123,"4128,8","16,69","161,98"
05.04.2021 16:00:00,"125,9","4127,99","16,91","161,92"
06.04.2021 16:00:00,"126,21","4141,59","16,65","163,22"
07.04.2021 16:00:00,"127,9","4124,66","16,99","162,76"
08.04.2021 16:00:00,"130,36","4170,42","16,57","164,51"
09.04.2021 16:00:00,133,"4185,47","16,25","163,27"
12.04.2021 16:00:00,"131,24","4163,26","17,29","162,28"
13.04.2021 16:00:00,"134,43","4134,94","18,68","163,43"
14.04.2021 16:00:00,"132,03","4173,42","17,5","162,72"
15.04.2021 16:00:00,"134,5","4134,98","18,71","165,35"
16.04.2021 16:00:00,"134,16","4180,17","17,33","166,35"
19.04.2021 16:00:00,"134,84","4187,62","17,64","165,89"
20.04.2021 16:00:00,"133,11","4186,72","17,56","166,48"
21.04.2021 16:00:00,"133,5","4183,18","17,28","168,13"
22.04.2021 16:00:00,"131,94","4211,47","17,61","167,04"
23.04.2021 16:00:00,"134,32","4181,17","18,61","166,4"
26.04.2021 16:00:00,"134,72","4192,66","18,31","166,84"
27.04.2021 16:00:00,"134,39","4164,66","19,48","166,42"
28.04.2021 16:00:00,"133,58","4167,59","19,15","166,91"
29.04.2021 16:00:00,"133,48","4201,62","18,39","166,22"
30.04.2021 16:00:00,"131,46","4232,6","16,69","165,66"
03.05.2021 16:00:00,"132,54","4188,43","19,66","167,81"
04.05.2021 16:00:00,"127,85","4152,1","21,84","166,58"
05.05.2021 16:00:00,"128,1","4063,04","27,59","167,27"
06.05.2021 16:00:00,"129,74","4112,5","23,13","170,06"
07.05.2021 16:00:00,"130,21","4173,85","18,81","171,59"
10.05.2021 16:00:00,"126,85","4163,29","19,72","172,11"
11.05.2021 16:00:00,"125,91","4127,83","21,34","172,14"
12.05.2021 16:00:00,"122,77","4115,68","22,18","170,43"
13.05.2021 16:00:00,"124,97","4159,12","20,67","171,13"
14.05.2021 16:00:00,"127,45","4155,86","20,15","172,69"
17.05.2021 16:00:00,"126,27","4197,05","18,4","174,7"
18.05.2021 16:00:00,"124,85","4188,13","18,84","175,04"
19.05.2021 16:00:00,"124,69","4195,99","17,36","175,16"
20.05.2021 16:00:00,"127,31","4200,88","16,74","175,96"
21.05.2021 16:00:00,"125,43","4204,11","16,76","176,04"
24.05.2021 16:00:00,"127,1","4202,04","17,9","176,35"
25.05.2021 16:00:00,"126,9","4208,12","17,48","177,95"
26.05.2021 16:00:00,"126,85","4192,85","18,04","177,64"
27.05.2021 16:00:00,"125,28","4229,89","16,42","177,71"
28.05.2021 16:00:00,"124,61","4226,52","16,42","178,38"
01.06.2021 16:00:00,"124,28","4227,26","17,07","177,9"
02.06.2021 16:00:00,"125,06","4219,55","17,89","178,77"
03.06.2021 16:00:00,"123,54","4239,18","16,1","175,27"
04.06.2021 16:00:00,"125,89","4247,44","15,65","177,16"
07.06.2021 16:00:00,"125,9","4255,15","16,39","177,87"
08.06.2021 16:00:00,"126,74","4246,59","17,02","177,32"
09.06.2021 16:00:00,"127,13","4223,7","18,15","176,98"
10.06.2021 16:00:00,"126,11","4221,86","17,75","177,74"
11.06.2021 16:00:00,"127,35","4166,45","20,7","175,74"
14.06.2021 16:00:00,"130,48","4224,79","17,89","174,71"
15.06.2021 16:00:00,"129,64","4246,44","16,66","174,05"
16.06.2021 16:00:00,"130,15","4241,84","16,32","171,11"
17.06.2021 16:00:00,"131,79","4266,49","15,97","165,85"
18.06.2021 16:00:00,"130,46","4280,7","15,62","164,93"
21.06.2021 16:00:00,"132,3","4290,61","15,76","166,95"
22.06.2021 16:00:00,"133,98","4291,8","16,02","166,25"
23.06.2021 16:00:00,"133,7","4297,5","15,83","166,14"
24.06.2021 16:00:00,"133,41","4319,94","15,48","166,04"
25.06.2021 16:00:00,"133,11","4352,34","15,07","166,59"
28.06.2021 16:00:00,"134,78","4343,54","16,44","166,58"
29.06.2021 16:00:00,"136,33","4358,13","16,2","164,83"
30.06.2021 16:00:00,"136,96","4320,82",19,"165,63"
01.07.2021 16:00:00,"137,27","4369,55","16,18","166,2"
02.07.2021 16:00:00,"139,96","4384,63","16,17","167,29"
06.07.2021 16:00:00,"142,02","4369,21","17,12","168,12"
07.07.2021 16:00:00,"144,57","4374,3","16,33","168,76"
08.07.2021 16:00:00,"143,24","4360,03","17,01","168,65"
09.07.2021 16:00:00,"145,11","4327,16","18,45","169,21"
12.07.2021 16:00:00,"144,5","4258,49","22,5",169
13.07.2021 16:00:00,"145,64","4323,06","19,73","169,22"
14.07.2021 16:00:00,"149,15","4358,69","17,91","171,04"
15.07.2021 16:00:00,"148,48","4367,48","17,69","171,07"
16.07.2021 16:00:00,"146,39","4411,79","17,2","169,41"
19.07.2021 16:00:00,"142,45","4422,3","17,58","169,61"
20.07.2021 16:00:00,"146,15","4401,46","19,36","169,39"
21.07.2021 16:00:00,"145,4","4400,64","18,31","168,76"
22.07.2021 16:00:00,"146,8","4419,15","17,7","169,09"
23.07.2021 16:00:00,"148,56","4395,26","18,24","168,56"
26.07.2021 16:00:00,"148,99","4387,16","19,46","168,16"
27.07.2021 16:00:00,"146,77","4423,15","18,04","168,44"
28.07.2021 16:00:00,"144,98","4402,66","17,97","169,29"
29.07.2021 16:00:00,"145,64","4429,1","17,28","171,17"
30.07.2021 16:00:00,"145,86","4436,52","16,15","169,82"
02.08.2021 16:00:00,"145,52","4432,35","16,72","169,61"
03.08.2021 16:00:00,"147,36","4436,75","16,79","169,49"
04.08.2021 16:00:00,"146,95","4447,7","16,06","169,53"
05.08.2021 16:00:00,"147,06","4460,83","15,59","168,86"
06.08.2021 16:00:00,"146,14",4468,"15,45","164,64"
09.08.2021 16:00:00,"146,09","4479,71","16,12","161,72"
10.08.2021 16:00:00,"145,6","4448,08","17,91","161,77"
11.08.2021 16:00:00,"145,86","4400,27","21,57",164
12.08.2021 16:00:00,"148,89","4405,8","21,67","164,04"
13.08.2021 16:00:00,"149,1","4441,67","18,56","166,39"
16.08.2021 16:00:00,"151,12","4479,53","17,15","167,22"
17.08.2021 16:00:00,"150,19","4486,23","17,22","166,97"
18.08.2021 16:00:00,"146,36","4496,19","16,79","167,1"
19.08.2021 16:00:00,"146,7",4470,"18,84","166,61"
20.08.2021 16:00:00,"148,19","4509,37","16,39","166,7"
23.08.2021 16:00:00,"149,71","4528,79","16,19","168,73"
24.08.2021 16:00:00,"149,62","4522,68","16,48","168,65"
25.08.2021 16:00:00,"148,36","4524,09","16,11","167,48"
26.08.2021 16:00:00,"147,54","4536,95","16,41","167,67"
27.08.2021 16:00:00,"148,6","4535,43","16,41","170,19"
30.08.2021 16:00:00,"153,12","4520,03","18,14","169,35"
31.08.2021 16:00:00,"151,83","4514,07","17,96","169,69"
01.09.2021 16:00:00,"152,51","4493,28","18,8","169,7"
02.09.2021 16:00:00,"153,65","4458,58","20,95","169,25"
03.09.2021 16:00:00,"154,3","4468,73","19,37","171,06"
07.09.2021 16:00:00,"156,69","4443,05","19,46","167,71"
08.09.2021 16:00:00,"155,11","4480,7","18,18","167,29"
09.09.2021 16:00:00,"154,07","4473,75","18,69","168,03"
10.09.2021 16:00:00,"148,97","4432,99","20,81","167,18"
13.09.2021 16:00:00,"149,55","4357,73","25,71","167,74"
14.09.2021 16:00:00,"148,12","4354,19","24,36","168,82"
15.09.2021 16:00:00,"149,03","4395,64","20,87","167,83"
16.09.2021 16:00:00,"148,79","4448,98","18,63","164,03"
17.09.2021 16:00:00,"146,06","4455,48","17,75","163,77"
20.09.2021 16:00:00,"142,94","4443,11","18,76","164,94"
21.09.2021 16:00:00,"143,43","4352,63","23,25","166,04"
22.09.2021 16:00:00,"145,85","4359,46","22,56","165,42"
23.09.2021 16:00:00,"146,83","4307,54","23,14","163,51"
24.09.2021 16:00:00,"146,92","4357,04","21,15","163,3"
27.09.2021 16:00:00,"145,37","4300,46","22,96","163,64"
28.09.2021 16:00:00,"141,91","4345,72","21,3","162,05"
29.09.2021 16:00:00,"142,83","4363,55",21,"161,32"
30.09.2021 16:00:00,"141,5","4399,76","19,54","164,22"
01.10.2021 16:00:00,"142,65","4391,34","18,77","164,59"
04.10.2021 16:00:00,"139,14","4361,19",20,"165,36"
05.10.2021 16:00:00,"141,11","4350,65","19,85","164,59"
06.10.2021 16:00:00,142,"4363,8","18,64","165,03"
07.10.2021 16:00:00,"143,29","4438,26","16,86","164,16"
08.10.2021 16:00:00,"142,9","4471,37","16,3","164,23"
11.10.2021 16:00:00,"142,81","4486,46","16,31","163,92"
12.10.2021 16:00:00,"141,51","4519,63","15,7","164,66"
13.10.2021 16:00:00,"140,91","4536,19","15,49","167,59"
14.10.2021 16:00:00,"143,76","4549,78","15,01",168
15.10.2021 16:00:00,"144,84","4544,9","15,43","165,33"
18.10.2021 16:00:00,"146,55","4566,48","15,24","164,92"
19.10.2021 16:00:00,"148,76","4574,79","15,98","165,45"
20.10.2021 16:00:00,"149,26","4551,68","16,98","166,9"
21.10.2021 16:00:00,"149,48","4596,42","16,53","166,75"
22.10.2021 16:00:00,"148,69","4605,38","16,26","167,77"
25.10.2021 16:00:00,"148,64","4613,67","16,41","168,93"
26.10.2021 16:00:00,"149,32","4630,65","16,03","167,68"
27.10.2021 16:00:00,"148,85","4660,57","15,1","168,12"
28.10.2021 16:00:00,"152,57","4680,06","15,44","168,08"
29.10.2021 16:00:00,"149,8","4697,53","16,48","166,65"
01.11.2021 16:00:00,"148,96","4701,7","17,22","167,52"
02.11.2021 16:00:00,"150,02","4685,25","17,78","167,16"
03.11.2021 16:00:00,"151,49","4646,71","18,73","165,77"
04.11.2021 16:00:00,"150,96","4649,27","17,66","167,65"
05.11.2021 16:00:00,"151,28","4682,85","16,29","169,84"
08.11.2021 16:00:00,"150,44","4682,8","16,49","170,45"
09.11.2021 16:00:00,"150,81","4700,9","16,37","171,29"
10.11.2021 16:00:00,"147,92","4688,67","17,11","173,15"
11.11.2021 16:00:00,"147,87","4704,54","17,59","174,12"
12.11.2021 16:00:00,"149,99","4697,96","17,91","174,45"
15.11.2021 16:00:00,150,"4682,94","19,17","174,18"
16.11.2021 16:00:00,151,"4690,7","19,38","172,92"
17.11.2021 16:00:00,"153,49","4701,46","18,58","174,5"
18.11.2021 16:00:00,"157,87","4594,62","28,62","173,94"
19.11.2021 16:00:00,"160,55","4655,27","22,96","172,61"
22.11.2021 16:00:00,"161,02",4567,"27,19","168,74"
23.11.2021 16:00:00,"161,41","4513,04","31,12","167,28"
24.11.2021 16:00:00,"161,94","4577,1","27,95","167,12"
26.11.2021 13:00:00,"156,81","4538,43","30,67","166,85"
29.11.2021 16:00:00,"160,24","4591,67","27,18","166,62"
30.11.2021 16:00:00,"165,3","4686,75","21,89","165,5"
01.12.2021 16:00:00,"164,77","4701,21","19,9","166,16"
02.12.2021 16:00:00,"163,76","4667,45","21,58","165,24"
03.12.2021 16:00:00,"161,84","4712,02","18,69","166,63"
06.12.2021 16:00:00,"165,32","4668,97","20,31","166,22"
07.12.2021 16:00:00,"171,18","4634,09","21,89","166,81"
08.12.2021 16:00:00,"175,08","4709,85","19,29","166,9"
09.12.2021 16:00:00,"174,56","4668,67","20,57","165,88"
10.12.2021 16:00:00,"179,45","4620,64","21,57","166,58"
13.12.2021 16:00:00,"175,74","4568,02","22,87",167
14.12.2021 16:00:00,"174,33","4649,23","21,01","165,44"
15.12.2021 16:00:00,"179,3","4696,56","18,63","166,15"
16.12.2021 16:00:00,"172,26","4725,79","17,96","168,16"
17.12.2021 16:00:00,"171,14","4791,19","17,68","167,8"
20.12.2021 16:00:00,"169,75","4786,35","17,54","167,09"
21.12.2021 16:00:00,"172,99","4793,06","16,95","167,02"
22.12.2021 16:00:00,"175,64","4778,73","17,33","168,59"
23.12.2021 16:00:00,"176,28","4766,18","17,22","168,97"
27.12.2021 16:00:00,"180,33","4796,56","16,6","169,37"
28.12.2021 16:00:00,"179,29","4793,54","16,91","168,64"
29.12.2021 16:00:00,"179,38","4700,58","19,73","168,59"
30.12.2021 16:00:00,"178,2","4696,05","19,61","169,8"
31.12.2021 16:00:00,"177,57","4677,03","18,76","170,96"
03.01.2022 16:00:00,"182,01","4670,29","19,4","168,33"
04.01.2022 16:00:00,"179,7","4713,07","18,41","169,57"
05.01.2022 16:00:00,"174,92","4726,35","17,62","169,06"
06.01.2022 16:00:00,172,"4659,03","20,31","166,99"
07.01.2022 16:00:00,"172,17","4662,85","19,19","167,75"
10.01.2022 16:00:00,"172,19","4577,11","22,79","168,26"
11.01.2022 16:00:00,"175,08","4532,76","23,85","170,29"
12.01.2022 16:00:00,"175,53","4482,73","25,59","170,74"
13.01.2022 16:00:00,"172,19","4397,94","28,85","170,16"
14.01.2022 16:00:00,"173,07","4410,13","29,9","169,67"
18.01.2022 16:00:00,"169,8","4356,45","31,16","169,39"
19.01.2022 16:00:00,"166,23","4349,93","31,96","172,08"
20.01.2022 16:00:00,"164,51","4326,51","30,49","171,65"
21.01.2022 16:00:00,"162,41","4431,85","27,66","171,09"
24.01.2022 16:00:00,"161,62","4515,55","24,83","172,03"
25.01.2022 16:00:00,"159,78","4546,54","21,96","172,58"
26.01.2022 16:00:00,"159,69","4589,38","22,09","169,79"
27.01.2022 16:00:00,"159,22","4477,44","24,35","167,6"
28.01.2022 16:00:00,"170,33","4500,53","23,22","167,1"
31.01.2022 16:00:00,"174,78","4483,87","22,86","168,09"
01.02.2022 16:00:00,"174,61","4521,54","21,44","168,23"
02.02.2022 16:00:00,"175,84","4587,18","19,96","168,84"
03.02.2022 16:00:00,"172,9","4504,08","23,91","168,6"
04.02.2022 16:00:00,"172,39","4418,64","27,36","168,86"
07.02.2022 16:00:00,"171,66","4401,67","28,33","170,11"
08.02.2022 16:00:00,"174,83","4471,07","25,7","170,63"
09.02.2022 16:00:00,"176,28","4475,01","24,29","171,21"
10.02.2022 16:00:00,"172,12","4380,26","28,11","170,56"
11.02.2022 16:00:00,"168,64","4348,87","27,75","173,81"
14.02.2022 16:00:00,"168,88","4304,76","28,81","174,74"
15.02.2022 16:00:00,"172,79","4225,5","31,02","173,08"
16.02.2022 16:00:00,"172,55","4288,7","30,32","174,86"
17.02.2022 16:00:00,"168,88","4384,65","27,59","177,25"
18.02.2022 16:00:00,"167,3","4373,94","30,15","177,12"
22.02.2022 16:00:00,"164,32","4306,26","33,32","177,49"
23.02.2022 16:00:00,"160,07","4386,54","30,74","178,29"
24.02.2022 16:00:00,"162,74","4363,49","30,48","177,14"
25.02.2022 16:00:00,"164,85","4328,87","31,98","176,55"
28.02.2022 16:00:00,"165,12","4201,09","36,45","178,38"
01.03.2022 16:00:00,"163,2","4170,7","35,13","181,62"
02.03.2022 16:00:00,"166,56","4277,88","32,45","179,73"
03.03.2022 16:00:00,"166,23","4259,52","30,23","180,8"
04.03.2022 16:00:00,"163,17","4204,31","30,75","183,68"
07.03.2022 16:00:00,"159,3","4173,11","31,77","186,41"
08.03.2022 16:00:00,"157,44","4262,45","29,83","191,51"
09.03.2022 16:00:00,"162,95","4357,86","26,67","185,82"
10.03.2022 16:00:00,"158,52","4411,67","25,67","186,4"
11.03.2022 16:00:00,"154,73","4463,12","23,87","185,09"
14.03.2022 16:00:00,"150,62","4461,18","23,53","182,3"
15.03.2022 16:00:00,"155,09","4511,61","22,94","178,89"
16.03.2022 16:00:00,"159,59","4456,24","23,57","180,01"
17.03.2022 16:00:00,"160,62","4520,16","21,67","180,89"
18.03.2022 16:00:00,"163,98","4543,06","20,81","179,3"
21.03.2022 16:00:00,"165,38","4575,52","19,63","180,67"
22.03.2022 16:00:00,"168,82","4631,6","18,9","179,36"
23.03.2022 16:00:00,"170,21","4602,45","19,33","181,81"
24.03.2022 16:00:00,"174,07","4530,41","20,56","183,13"
25.03.2022 16:00:00,"174,72","4545,86","19,63","182,38"
28.03.2022 16:00:00,"175,6","4582,64","18,57","179,06"
29.03.2022 16:00:00,"178,96","4525,12","21,03","179,14"
30.03.2022 16:00:00,"177,77","4481,15","22,1","180,58"
31.03.2022 16:00:00,"174,61","4500,21","21,55","180,65"
01.04.2022 16:00:00,"174,31","4488,28","21,16","179,5"
04.04.2022 16:00:00,"178,44","4412,53","24,37","180,37"
05.04.2022 16:00:00,"175,06","4397,45","24,26","179,24"
06.04.2022 16:00:00,"171,83","4446,59","21,82","179,66"
07.04.2022 16:00:00,"172,14","4392,59","22,7","180,34"
08.04.2022 16:00:00,"170,09","4391,69","22,17","181,47"
11.04.2022 16:00:00,"165,75","4462,21","21,37","182,37"
12.04.2022 16:00:00,"167,66","4459,45","20,32","183,77"
13.04.2022 16:00:00,"170,4","4393,66","22,68","184,65"
14.04.2022 16:00:00,"165,29","4271,78","28,21","184,04"
18.04.2022 16:00:00,"165,07","4296,12","27,02","184,61"
19.04.2022 16:00:00,"167,4","4175,2","33,52","181,82"
20.04.2022 16:00:00,"167,23","4183,96","31,6","182,71"
21.04.2022 16:00:00,"166,42","4287,5","29,99","182,06"
22.04.2022 16:00:00,"161,79","4131,93","33,4","180,29"
25.04.2022 16:00:00,"162,88","4155,38","32,34","177,05"
26.04.2022 16:00:00,"156,8","4175,48","29,25","177,32"
27.04.2022 16:00:00,"156,57","4300,17","25,42","175,98"
28.04.2022 16:00:00,"163,64","4146,87","31,2","176,93"
29.04.2022 16:00:00,"157,65","4123,34","30,19","176,91"
02.05.2022 16:00:00,"157,96","3991,24","34,75","173,63"
03.05.2022 16:00:00,"159,48","4001,05","32,99","174,09"
04.05.2022 16:00:00,"166,02","3935,18","32,56","175,8"
05.05.2022 16:00:00,"156,77","3930,08","31,77","175,13"
06.05.2022 16:00:00,"157,28","4023,89","28,87","175,42"
09.05.2022 16:00:00,"152,06","4008,01","27,47","172,88"
10.05.2022 16:00:00,"154,51","4088,85","26,1","171,42"
11.05.2022 16:00:00,"146,5","3923,68","30,96","172,82"
12.05.2022 16:00:00,"142,56","3900,79","29,35","170,17"
13.05.2022 16:00:00,"147,11","3901,36","29,43","168,79"
16.05.2022 16:00:00,"145,54","3973,75","28,48","170,4"
17.05.2022 16:00:00,"149,24","3941,48","29,45","169,33"
18.05.2022 16:00:00,"140,82","3978,73","28,37","169,42"
19.05.2022 16:00:00,"137,35","4057,84","27,5","171,91"
20.05.2022 16:00:00,"137,59","4158,24","25,72","172,03"
23.05.2022 16:00:00,"143,11","4132,15","26,19","172,83"
24.05.2022 16:00:00,"140,36","4101,23","25,69","174,13"
25.05.2022 16:00:00,"140,52","4176,82","24,72","173,08"
26.05.2022 16:00:00,"143,78","4108,54","24,79","172,76"
27.05.2022 16:00:00,"149,64","4121,43","25,07","172,85"
31.05.2022 16:00:00,"148,84","4160,68","24,02","171,14"
01.06.2022 16:00:00,"148,71","4115,77","23,96","172,23"
02.06.2022 16:00:00,"151,21","4017,82","26,09","174,35"
03.06.2022 16:00:00,"145,38","3900,86","27,75","172,58"
06.06.2022 16:00:00,"146,14","3749,63","34,02","171,82"
07.06.2022 16:00:00,"148,71","3735,48","32,69","172,94"
08.06.2022 16:00:00,"147,96","3789,99","29,62","172,78"
09.06.2022 16:00:00,"142,64","3666,77","32,95","172,23"
10.06.2022 16:00:00,"137,13","3674,84","31,13","174,54"
13.06.2022 16:00:00,"131,88","3764,79","30,19","169,93"
14.06.2022 16:00:00,"132,76","3759,89","28,95","168,57"
15.06.2022 16:00:00,"135,43","3795,73","29,05","170,77"
16.06.2022 16:00:00,"130,06","3911,74","27,23","172,69"
17.06.2022 16:00:00,"131,56","3900,11","26,95","171,27"
21.06.2022 16:00:00,"135,87","3821,55","28,36","170,63"
22.06.2022 16:00:00,"135,35","3818,83","28,16","171,31"
23.06.2022 16:00:00,"138,27","3785,38","28,71","170,26"
24.06.2022 16:00:00,"141,66","3825,33","26,7","170,09"
27.06.2022 16:00:00,"141,66","3831,39","27,54","169,9"
28.06.2022 16:00:00,"137,44","3845,08","26,73","169,62"
29.06.2022 16:00:00,"139,23","3902,62","26,08","169,49"
30.06.2022 16:00:00,"136,72","3899,38","24,64","168,46"
01.07.2022 16:00:00,"138,93","3854,43","26,17","168,32"
05.07.2022 16:00:00,"141,56","3818,8","27,29","164,75"
06.07.2022 16:00:00,"142,92","3801,78","26,82","162,14"
07.07.2022 16:00:00,"146,35","3790,38","26,4","162,23"
08.07.2022 16:00:00,"147,04","3863,16","24,23","162,3"
11.07.2022 16:00:00,"144,87","3830,85","25,3","161,43"
12.07.2022 16:00:00,"145,86","3936,69","24,5","160,83"
13.07.2022 16:00:00,"145,49","3959,9","23,88","161,6"
14.07.2022 16:00:00,"148,47","3998,95","23,11","159,33"
15.07.2022 16:00:00,"150,17","3961,63","23,03","159,01"
18.07.2022 16:00:00,"147,07","3966,84","23,36","159,16"
19.07.2022 16:00:00,151,"3921,05","24,69","159,54"
20.07.2022 16:00:00,"153,04","4023,61","23,24","158,04"
21.07.2022 16:00:00,"155,35","4072,43","22,33","160,27"
22.07.2022 16:00:00,"154,09","4130,29","21,33","160,67"
25.07.2022 16:00:00,"152,95","4118,63","22,84","160,23"
26.07.2022 16:00:00,"151,6","4091,19","23,93","160,04"
27.07.2022 16:00:00,"156,79","4155,17","21,95","161,67"
28.07.2022 16:00:00,"157,35","4151,94","21,44","163,64"
29.07.2022 16:00:00,"162,51","4145,19","21,15","164,1"
01.08.2022 16:00:00,"161,51","4140,06","21,29","165,03"
02.08.2022 16:00:00,"160,01","4122,47","21,77","164,05"
03.08.2022 16:00:00,"166,13","4210,24","19,74","164,45"
04.08.2022 16:00:00,"165,81","4207,27","20,2","167,17"
05.08.2022 16:00:00,"165,35","4280,15","19,53","165,29"
08.08.2022 16:00:00,"164,87","4297,14","19,95","166,69"
09.08.2022 16:00:00,"164,92","4305,2","19,69","167,2"
10.08.2022 16:00:00,"169,24","4274,04","19,9","166,78"
11.08.2022 16:00:00,"168,49","4283,74","19,56","166,34"
12.08.2022 16:00:00,"172,1","4228,48","20,6","167,87"
15.08.2022 16:00:00,"173,19","4137,99","23,8","165,71"
16.08.2022 16:00:00,"173,03","4128,73","24,11","165,42"
17.08.2022 16:00:00,"174,55","4140,77","22,82","164,35"
18.08.2022 16:00:00,"174,15","4199,12","21,78","163,92"
19.08.2022 16:00:00,"171,52","4057,66","25,56","162,72"
22.08.2022 16:00:00,"167,57","4030,61","26,21","161,64"
23.08.2022 16:00:00,"167,23","3986,16","26,21","162,77"
24.08.2022 16:00:00,"167,53",3955,"25,87","163,25"
25.08.2022 16:00:00,"170,03","3966,85","25,56","163,75"
26.08.2022 16:00:00,"163,62","3924,26","25,47","161,76"
29.08.2022 16:00:00,"161,38","3908,19","26,91","161,86"
30.08.2022 16:00:00,"158,91","3979,87","24,64","160,51"
31.08.2022 16:00:00,"157,22","4006,18","23,61","159,27"
01.09.2022 16:00:00,"157,96","4067,36","22,79","157,87"
02.09.2022 16:00:00,"155,81","4110,41","23,87","159,26"
06.09.2022 16:00:00,"154,53","3932,69","27,27","158,33"
07.09.2022 16:00:00,"155,96","3946,01","26,16","159,94"
08.09.2022 16:00:00,"154,46","3901,35","26,27","158,98"
09.09.2022 16:00:00,"157,37","3873,33","26,3","159,82"
12.09.2022 16:00:00,"163,43","3899,89","25,76","160,63"
13.09.2022 16:00:00,"153,84","3855,93","27,16","158,54"
14.09.2022 16:00:00,"155,31","3789,93","27,99","157,93"
15.09.2022 16:00:00,"152,37","3757,99","27,35","154,98"
16.09.2022 16:00:00,"150,7","3693,23","29,92","155,84"
19.09.2022 16:00:00,"154,48","3655,04","32,26","155,96"
20.09.2022 16:00:00,"156,9","3647,29","32,6","155,07"
21.09.2022 16:00:00,"153,72","3719,04","30,18","155,79"
22.09.2022 16:00:00,"152,74","3640,47","31,84","155,7"
23.09.2022 16:00:00,"150,43","3585,62","31,62","153,01"
26.09.2022 16:00:00,"150,77","3678,43","30,1","151,23"
27.09.2022 16:00:00,"151,76","3790,93","29,07","151,54"
28.09.2022 16:00:00,"149,84","3783,28","28,55","154,69"
29.09.2022 16:00:00,"142,48","3744,52","30,52","154,66"
30.09.2022 16:00:00,"138,2","3639,66","31,36","154,67"
03.10.2022 16:00:00,"142,45","3612,39","32,45","158,43"
04.10.2022 16:00:00,"146,1","3588,84","33,63","160,7"
05.10.2022 16:00:00,"146,4","3577,03","33,57","159,81"
06.10.2022 16:00:00,"145,43","3669,91","31,94","159,63"
07.10.2022 16:00:00,"140,09","3583,07","32,02","157,88"
10.10.2022 16:00:00,"140,42","3677,95","31,37","155,48"
11.10.2022 16:00:00,"138,98","3719,98","30,5","155,16"
12.10.2022 16:00:00,"138,34","3695,16","30,76","155,99"
13.10.2022 16:00:00,"142,99","3665,78","29,98","154,91"
14.10.2022 16:00:00,"138,38","3752,75","29,69","152,98"
17.10.2022 16:00:00,"142,41","3797,34","29,85","153,42"
18.10.2022 16:00:00,"143,75","3859,11","28,46","153,75"
19.10.2022 16:00:00,"143,86","3830,6","27,28","151,69"
20.10.2022 16:00:00,"143,39","3807,3","27,39","151,45"
21.10.2022 16:00:00,"147,27","3901,06","25,75","154,15"
24.10.2022 16:00:00,"149,45","3871,98","25,88","153,65"
25.10.2022 16:00:00,"152,34","3856,1","25,81",154
26.10.2022 16:00:00,"149,35","3759,69","25,86","154,98"
27.10.2022 16:00:00,"144,8","3719,89","25,3","154,74"
28.10.2022 16:00:00,"155,74","3770,55","24,55","153,16"
31.10.2022 16:00:00,"153,34","3806,8","24,35","151,91"
01.11.2022 16:00:00,"150,65","3828,11","25,54","153,46"
02.11.2022 16:00:00,"145,03","3748,57","26,09","152,39"
03.11.2022 16:00:00,"138,88","3956,37","23,53","151,81"
04.11.2022 16:00:00,"138,38","3992,93","22,52","156,47"
07.11.2022 16:00:00,"138,92","3957,25","23,73","155,85"
08.11.2022 16:00:00,"139,5","3991,73","24,54","159,45"
09.11.2022 16:00:00,"134,87","3958,79","24,11","158,65"
10.11.2022 16:00:00,"146,87","3946,56","23,93","163,48"
11.11.2022 16:00:00,"149,7","3965,34","23,12","164,56"
14.11.2022 16:00:00,"148,28","3949,94","22,36","164,92"
15.11.2022 16:00:00,"150,04","4003,58","21,29","165,5"
16.11.2022 16:00:00,"148,79","4026,12","20,5","165,12"
17.11.2022 16:00:00,"150,72","3963,94","22,21","163,92"
18.11.2022 16:00:00,"151,29","3957,63","21,89","162,79"
21.11.2022 16:00:00,"148,01","4080,11","20,58","161,88"
22.11.2022 16:00:00,"150,18","4076,57","19,84","162,07"
23.11.2022 16:00:00,"151,07","4071,7","19,06","163,08"
25.11.2022 13:05:00,"148,11","3998,84","20,75","163,22"
28.11.2022 16:00:00,"144,22","3941,26","22,17","161,93"
29.11.2022 16:00:00,"141,17","3933,92","22,68","162,73"
30.11.2022 16:00:00,"148,03","3963,51","22,29","164,81"
01.12.2022 16:00:00,"148,31","3934,38","22,83","167,84"
02.12.2022 16:00:00,"147,81","3990,56",25,"167,26"
05.12.2022 16:00:00,"146,63","4019,65","22,55","164,39"
06.12.2022 16:00:00,"142,91","3995,32","21,14","164,84"
07.12.2022 16:00:00,"140,94","3895,75","22,83","166,33"
08.12.2022 16:00:00,"142,65","3852,36","22,62","166,47"
09.12.2022 16:00:00,"142,16","3817,66","22,42","167,06"
12.12.2022 16:00:00,"144,49","3821,62","21,48","165,68"
13.12.2022 16:00:00,"145,47","3878,44","20,07","168,51"
14.12.2022 16:00:00,"143,21","3822,39","21,97","168,1"
15.12.2022 16:00:00,"136,5","3844,82","20,87","165,35"
16.12.2022 16:00:00,"134,51","3829,25","21,65","166,79"
19.12.2022 16:00:00,"132,37","3783,22","22,14","166,32"
20.12.2022 16:00:00,"132,3","3849,28","21,44","169,08"
21.12.2022 16:00:00,"135,45","3839,5","21,67","168,8"
22.12.2022 16:00:00,"132,23",,,"166,76"
23.12.2022 16:00:00,"131,86",,,"167,26"
27.12.2022 16:00:00,"130,03",,,"168,67"
28.12.2022 16:00:00,"126,04",,,"167,91"
29.12.2022 16:00:00,"129,61",,,"168,85"
30.12.2022 16:00:00,"129,93",,,"169,64"